-- Carga de tabla VERTICAL
CREATE TABLE IF NOT EXISTS VERTICAL(
    id_vertical VARCHAR(2) PRIMARY KEY,
    nombre VARCHAR(20) NOT NULL
);

INSERT INTO VERTICAL(id_vertical, Nombre)
VALUES
	('DS', 'Data Science'),
	('FS', 'Full-Stack');

-- Carga de tabla CAMPUS

CREATE TABLE IF NOT EXISTS CAMPUS(
    id_campus VARCHAR(3) NOT NULL,
    nombre VARCHAR(20) NOT NULL,
    PRIMARY KEY (id_campus)
);
INSERT INTO CAMPUS (id_campus, nombre)
VALUES
    ('1', 'Madrid'),
    ('2', 'Valencia');


-- Carga tabla PROYECTO

CREATE TABLE IF NOT EXISTS PROYECTO (
    id_proyecto VARCHAR(3) PRIMARY KEY NOT NULL,
    nombre VARCHAR(20) NOT NULL,
    id_vertical VARCHAR(3) NOT NULL,
    FOREIGN KEY (id_vertical) REFERENCES VERTICAL (id_vertical)
);

INSERT INTO PROYECTO (id_proyecto, nombre, id_vertical)
VALUES
('1', 'HLF', 'DS'),
('2', 'EDA', 'DS'),
('3', 'BBDD', 'DS'),
('4', 'ML', 'DS'),
('5', 'Deployment', 'DS'),
('6', 'WebDev', 'FS'),
('7', 'FrontEnd', 'FS'),
('8', 'Backend', 'FS'),
('9', 'React', 'FS'),
('10', 'FullStack', 'FS');


-- Carga de tabla PROFESOR

CREATE TABLE IF NOT EXISTS PROFESOR(
    id_profesor VARCHAR(3) NOT NULL,
    id_campus VARCHAR(3) NOT NULL,
    id_vertical VARCHAR(2) NOT NULL,
	nombre VARCHAR(32) NOT NULL,
	apellido VARCHAR(32) NOT NULL,
	rol VARCHAR(2) NOT NULL,
	modalidad VARCHAR(32) NOT NULL,
PRIMARY KEY (id_profesor),
FOREIGN KEY (id_campus) REFERENCES CAMPUS(id_campus),
FOREIGN KEY (id_vertical) REFERENCES VERTICAL(id_vertical) 
	);

INSERT INTO PROFESOR (id_profesor, id_campus, id_vertical, nombre, apellido, rol, modalidad) 
VALUES
	('1', '1', 'DS', 'Noa', 'Yáñez', 'TA', 'Presencial'),
	('2', '1', 'DS', 'Saturnina', 'Benitez', 'TA', 'Presencial'),
	('3', '1', 'FS', 'Anna', 'Feliu', 'TA', 'Presencial'),
	('4', '2', 'FS', 'Rosalva', 'Ayuso', 'TA', 'Presencial'),
	('5', '2', 'FS', 'Ana Sofía', 'Ferrer', 'TA', 'Presencial'),
	('6', '1', 'FS', 'Angélica', 'Corral', 'TA', 'Presencial'),
	('7', '1', 'DS', 'Ariel', 'Lledó', 'TA', 'Presencial'),
	('8', '2', 'FS', 'Mario', 'Prats', 'LI', 'Online'),
	('9', '1', 'FS', 'Luis Ángel', 'Suárez', 'LI', 'Online'),
	('10', '1', 'DS', 'María Dolores', 'Diaz','LI','Online');

-- Carga tabla PROMOCION

CREATE TABLE IF NOT EXISTS PROMOCION (
    id_promocion   VARCHAR(3) NOT NULL,
    mes            VARCHAR(20) NOT NULL,
    fecha_comienzo DATE NOT NULL,
    id_vertical    VARCHAR(2) NOT NULL,
    PRIMARY KEY (id_promocion),
	FOREIGN KEY (id_vertical) REFERENCES VERTICAL(id_vertical));
	
INSERT INTO PROMOCION (id_promocion, mes, fecha_comienzo, id_vertical)
VALUES
    ('1', 'Febrero',    '2024-02-12', 'DS'),
	('2', 'Septiembre', '2023-09-18', 'DS'),
    ('3', 'Febrero',    '2024-02-12', 'FS'),
	('4', 'Septiembre', '2023-09-28', 'FS');

-- Carga tabla ALUMNO

CREATE TABLE IF NOT EXISTS ALUMNO (
    id_alumno VARCHAR(3) NOT NULL,
    nombre VARCHAR(50) NOT NULL,
	apellido VARCHAR(50) NOT NULL,
    email VARCHAR(50) NOT NULL,
	id_promocion VARCHAR(3) NOT NULL,
	id_campus VARCHAR(3) NOT NULL,
	PRIMARY KEY (id_alumno),
    FOREIGN KEY (id_promocion) REFERENCES PROMOCION(id_promocion),
	FOREIGN KEY (id_campus) REFERENCES CAMPUS(id_campus)
);

INSERT INTO ALUMNO
VALUES
('1', 'Abraham', 'Vélez', 'abraham_vélez@gmail.com', '2', '1'),
('2', 'Aitana', 'Sebastián', 'aitana_sebastián@gmail.com', '4', '1'),
('3', 'Albino', 'Macias', 'albino_macias@gmail.com', '4', '1'),
('4', 'Alejandra', 'Vilaplana', 'alejandra_vilaplana@gmail.com', '3', '2'),
('5', 'Amor', 'Larrañaga', 'amor_larrañaga@gmail.com', '4', '1'),
('6', 'Anita', 'Heredia', 'anita_heredia@gmail.com', '2', '1'),
('7', 'Carlito', 'Carrión', 'carlito_carrión@gmail.com', '1', '1'),
('8', 'Chita', 'Mancebo', 'chita_mancebo@gmail.com', '1', '1'),
('9', 'Clementina', 'Santos', 'clementina_santos@gmail.com', '2', '1'),
('10', 'Cleto', 'Montes', 'cleto_montes@gmail.com', '3', '2'),
('11', 'Cleto', 'Plana', 'cleto_plana@gmail.com', '4', '1'),
('12', 'Cristian', 'Sarabia', 'cristian_sarabia@gmail.com', '1', '1'),
('13', 'Daniel', 'Rosselló', 'daniel_rosselló@gmail.com', '3', '2'),
('14', 'Daniela', 'Falcó', 'daniela_falcó@gmail.com', '2', '1'),
('15', 'Daniela', 'Guitart', 'daniela_guitart@gmail.com', '3', '2'),
('16', 'Desiderio', 'Jordá', 'desiderio_jordá@gmail.com', '1', '1'),
('17', 'Dolores', 'Valbuena', 'dolores_valbuena@gmail.com', '4', '1'),
('18', 'Eduardo', 'Caparrós', 'eduardo_caparrós@gmail.com', '2', '1'),
('19', 'Eli', 'Casas', 'eli_casas@gmail.com', '2', '1'),
('20', 'Ernesto', 'Uriarte', 'ernesto_uriarte@gmail.com', '3', '2'),
('21', 'Estefanía', 'Valcárcel', 'estefanía_valcárcel@gmail.com', '3', '2'),
('22', 'Ester', 'Sánchez', 'ester_sánchez@gmail.com', '4', '1'),
('23', 'Estrella', 'Murillo', 'estrella_murillo@gmail.com', '3', '2'),
('24', 'Flavia', 'Amador', 'flavia_amador@gmail.com', '4', '1'),
('25', 'Guillermo', 'Borrego', 'guillermo_borrego@gmail.com', '1', '1'),
('26', 'Haydée', 'Figueroa', 'haydée_figueroa@gmail.com', '1', '1'),
('27', 'Heraclio', 'Duque', 'heraclio_duque@gmail.com', '4', '1'),
('28', 'Herberto', 'Figueras', 'herberto_figueras@gmail.com', '4', '1'),
('29', 'Ignacio', 'Goicoechea', 'ignacio_goicoechea@gmail.com', '2', '1'),
('30', 'Isabel', 'Ibáñez', 'isabel_ibáñez@gmail.com', '1', '1'),
('31', 'Jafet', 'Casals', 'jafet_casals@gmail.com', '2', '1'),
('32', 'Joaquina', 'Asensio', 'joaquina_asensio@gmail.com', '1', '1'),
('33', 'Jorge', 'Manzanares', 'jorge_manzanares@gmail.com', '2', '1'),
('34', 'Julie', 'Ferrer', 'julie_ferrer@gmail.com', '4', '1'),
('35', 'Leoncio', 'Tena', 'leoncio_tena@gmail.com', '2', '1'),
('36', 'Loida', 'Arellano', 'loida_arellano@gmail.com', '4', '1'),
('37', 'Luis Miguel', 'Galvez', 'luis_miguel_galvez@gmail.com', '4', '1'),
('38', 'Marino', 'Castilla', 'marino_castilla@gmail.com', '3', '2'),
('39', 'Maximiliano', 'Menéndez', 'maximiliano_menéndez@gmail.com', '2', '1'),
('40', 'Merche', 'Prada', 'merche_prada@gmail.com', '2', '1'),
('41', 'Mireia', 'Cabañas', 'mireia_cabañas@gmail.com', '4', '1'),
('42', 'Noemí', 'Vilanova', 'noemí_vilanova@gmail.com', '3', '2'),
('43', 'Odalys', 'Torrijos', 'odalys_torrijos@gmail.com', '2', '1'),
('44', 'Onofre', 'Adadia', 'onofre_adadia@gmail.com', '2', '1'),
('45', 'Pilar', 'Abella', 'pilar_abella@gmail.com', '2', '1'),
('46', 'Ricarda', 'Tovar', 'ricarda_tovar@gmail.com', '3', '2'),
('47', 'Rita', 'Olivares', 'rita_olivares@gmail.com', '3', '2'),
('48', 'Rosalina', 'Llanos', 'rosalina_llanos@gmail.com', '1', '1'),
('49', 'Sergio', 'Aguirre', 'sergio_aguirre@gmail.com', '1', '1'),
('50', 'Teodoro', 'Alberola', 'teodoro_alberola@gmail.com', '4', '1'),
('51', 'Teresa', 'Laguna', 'teresa_laguna@gmail.com', '3', '2'),
('52', 'Timoteo', 'Trillo', 'timoteo_trillo@gmail.com', '3', '2');

-- Carga tabla CLASE

CREATE TABLE IF NOT EXISTS CLASE(
        id_clase VARCHAR(3) PRIMARY KEY,
        Nombre VARCHAR(100) NOT NULL,
		id_promocion VARCHAR(3) NOT NULL,
        FOREIGN KEY(id_promocion) REFERENCES PROMOCION(id_promocion)
    );
INSERT INTO CLASE(id_clase, nombre, id_promocion)
VALUES 
		('1', 'Clase_1', '1'),
		('2', 'Clase_2', '2'),
		('3', 'Clase_3', '3'),
		('4', 'Clase_4', '4');
		
-- Carga tabla ALUMNO_CLASE

CREATE TABLE IF NOT EXISTS ALUMNO_CLASE (
    id_alumno_clase VARCHAR(3) PRIMARY KEY NOT NULL,
    id_alumno VARCHAR(3) NOT NULL,
    id_clase VARCHAR(3) NOT NULL,
    FOREIGN KEY (id_alumno) REFERENCES ALUMNO(id_alumno),
	FOREIGN KEY (id_clase) REFERENCES CLASE(id_clase)	
);

INSERT INTO ALUMNO_CLASE (id_alumno_clase, id_alumno, id_clase)
VALUES
('1','31','1'),
('2','33','1'),
('3','44','1'),
('4','40','1'),
('5','45','1'),
('6','35','1'),
('7','43','1'),
('8','18','1'),
('9','29','1'),
('10','9','1'),
('11','14','1'),
('12','1','1'),
('13','39','1'),
('14','6','1'),
('15','19','1'),
('16','25','2'),
('17','49','2'),
('18','7','2'),
('19','26','2'),
('20','8','2'),
('21','32','2'),
('22','12','2'),
('23','30','2'),
('24','16','2'),
('25','48','2'),
('26','5','3'),
('27','50','3'),
('28','11','3'),
('29','2','3'),
('30','17','3'),
('31','34','3'),
('32','41','3'),
('33','24','3'),
('34','3','3'),
('35','22','3'),
('36','37','3'),
('37','36','3'),
('38','27','3'),
('39','28','3'),
('40','51','4'),
('41','23','4'),
('42','20','4'),
('43','15','4'),
('44','52','4'),
('45','46','4'),
('46','4','4'),
('47','13','4'),
('48','47','4'),
('49','10','4'),
('50','38','4'),
('51','21','4'),
('52','42','4');



-- Carga tabla EVALUACION

CREATE TABLE IF NOT EXISTS EVALUACION(
    id_evaluacion VARCHAR(3) NOT NULL,
    id_alumno VARCHAR(3) NOT NULL,
    id_proyecto VARCHAR(3) NOT NULL,
    resultado VARCHAR(20) NOT NULL,
    PRIMARY KEY (id_evaluacion),
    FOREIGN KEY (id_alumno) REFERENCES ALUMNO(id_alumno),
    FOREIGN KEY (id_proyecto) REFERENCES PROYECTO(id_proyecto)
);

INSERT INTO EVALUACION (id_evaluacion, id_alumno, id_proyecto, resultado) 
VALUES
('1','31','1','Apto'),
('2','33','1','Apto'),
('3','44','1','Apto'),
('4','40','1','Apto'),
('5','45','1','Apto'),
('6','35','1','Apto'),
('7','43','1','No Apto'),
('8','18','1','No Apto'),
('9','29','1','Apto'),
('10','9','1','Apto'),
('11','14','1','Apto'),
('12','1','1','Apto'),
('13','39','1','Apto'),
('14','6','1','Apto'),
('15','19','1','Apto'),
('16','31','2','No Apto'),
('17','33','2','No Apto'),
('18','44','2','Apto'),
('19','40','2','No Apto'),
('20','45','2','No Apto'),
('21','35','2','Apto'),
('22','43','2','Apto'),
('23','18','2','Apto'),
('24','29','2','Apto'),
('25','9','2','No Apto'),
('26','14','2','Apto'),
('27','1','2','No Apto'),
('28','39','2','No Apto'),
('29','6','2','Apto'),
('30','19','2','Apto'),
('31','31','3','Apto'),
('32','33','3','Apto'),
('33','44','3','Apto'),
('34','40','3','No Apto'),
('35','45','3','Apto'),
('36','35','3','Apto'),
('37','43','3','Apto'),
('38','18','3','Apto'),
('39','29','3','Apto'),
('40','9','3','Apto'),
('41','14','3','Apto'),
('42','1','3','No Apto'),
('43','39','3','Apto'),
('44','6','3','Apto'),
('45','19','3','Apto'),
('46','31','4','Apto'),
('47','33','4','Apto'),
('48','44','4','No Apto'),
('49','40','4','Apto'),
('50','45','4','Apto'),
('51','35','4','Apto'),
('52','43','4','Apto'),
('53','18','4','Apto'),
('54','29','4','No Apto'),
('55','9','4','Apto'),
('56','14','4','Apto'),
('57','1','4','Apto'),
('58','39','4','Apto'),
('59','6','4','Apto'),
('60','19','4','Apto'),
('61','31','5','Apto'),
('62','33','5','Apto'),
('63','44','5','Apto'),
('64','40','5','No Apto'),
('65','45','5','Apto'),
('66','35','5','Apto'),
('67','43','5','Apto'),
('68','18','5','Apto'),
('69','29','5','Apto'),
('70','9','5','Apto'),
('71','14','5','Apto'),
('72','1','5','Apto'),
('73','39','5','Apto'),
('74','6','5','Apto'),
('75','19','5','Apto'),
('76','25','1','Apto'),
('77','49','1','Apto'),
('78','7','1','Apto'),
('79','26','1','Apto'),
('80','8','1','No Apto'),
('81','32','1','No Apto'),
('82','12','1','Apto'),
('83','30','1','No Apto'),
('84','16','1','No Apto'),
('85','48','1','Apto'),
('86','25','2','No Apto'),
('87','49','2','No Apto'),
('88','7','2','No Apto'),
('89','26','2','Apto'),
('90','8','2','Apto'),
('91','32','2','No Apto'),
('92','12','2','Apto'),
('93','30','2','Apto'),
('94','16','2','Apto'),
('95','48','2','Apto'),
('96','25','3','No Apto'),
('97','49','3','Apto'),
('98','7','3','Apto'),
('99','26','3','Apto'),
('100','8','3','No Apto'),
('101','32','3','Apto'),
('102','12','3','No Apto'),
('103','30','3','No Apto'),
('104','16','3','No Apto'),
('105','48','3','Apto'),
('106','25','4','Apto'),
('107','49','4','Apto'),
('108','7','4','Apto'),
('109','26','4','Apto'),
('110','8','4','Apto'),
('111','32','4','Apto'),
('112','12','4','Apto'),
('113','30','4','Apto'),
('114','16','4','No Apto'),
('115','48','4','Apto'),
('116','25','5','No Apto'),
('117','49','5','No Apto'),
('118','7','5','Apto'),
('119','26','5','Apto'),
('120','8','5','Apto'),
('121','32','5','Apto'),
('122','12','5','Apto'),
('123','30','5','Apto'),
('124','16','5','Apto'),
('125','48','5','Apto'),
('126','5','6','Apto'),
('127','50','6','No Apto'),
('128','11','6','Apto'),
('129','2','6','Apto'),
('130','17','6','Apto'),
('131','34','6','No Apto'),
('132','41','6','No Apto'),
('133','24','6','Apto'),
('134','3','6','No Apto'),
('135','22','6','No Apto'),
('136','37','6','No Apto'),
('137','36','6','Apto'),
('138','27','6','Apto'),
('139','28','6','Apto'),
('140','5','7','Apto'),
('141','50','7','No Apto'),
('142','11','7','No Apto'),
('143','2','7','No Apto'),
('144','17','7','Apto'),
('145','34','7','No Apto'),
('146','41','7','No Apto'),
('147','24','7','Apto'),
('148','3','7','Apto'),
('149','22','7','Apto'),
('150','37','7','Apto'),
('151','36','7','Apto'),
('152','27','7','Apto'),
('153','28','7','Apto'),
('154','5','8','Apto'),
('155','50','8','Apto'),
('156','11','8','Apto'),
('157','2','8','Apto'),
('158','17','8','Apto'),
('159','34','8','No Apto'),
('160','41','8','Apto'),
('161','24','8','No Apto'),
('162','3','8','Apto'),
('163','22','8','Apto'),
('164','37','8','Apto'),
('165','36','8','Apto'),
('166','27','8','No Apto'),
('167','28','8','Apto'),
('168','5','9','Apto'),
('169','50','9','No Apto'),
('170','11','9','No Apto'),
('171','2','9','No Apto'),
('172','17','9','Apto'),
('173','34','9','Apto'),
('174','41','9','Apto'),
('175','24','9','Apto'),
('176','3','9','Apto'),
('177','22','9','No Apto'),
('178','37','9','Apto'),
('179','36','9','Apto'),
('180','27','9','No Apto'),
('181','28','9','Apto'),
('182','5','10','No Apto'),
('183','50','10','Apto'),
('184','11','10','Apto'),
('185','2','10','Apto'),
('186','17','10','No Apto'),
('187','34','10','No Apto'),
('188','41','10','Apto'),
('189','24','10','Apto'),
('190','3','10','Apto'),
('191','22','10','Apto'),
('192','37','10','Apto'),
('193','36','10','Apto'),
('194','27','10','No Apto'),
('195','28','10','Apto'),
('196','51','6','Apto'),
('197','23','6','Apto'),
('198','20','6','Apto'),
('199','15','6','Apto'),
('200','52','6','No Apto'),
('201','46','6','Apto'),
('202','4','6','No Apto'),
('203','13','6','No Apto'),
('204','47','6','No Apto'),
('205','10','6','Apto'),
('206','38','6','No Apto'),
('207','21','6','Apto'),
('208','42','6','Apto'),
('209','51','7','Apto'),
('210','23','7','Apto'),
('211','20','7','Apto'),
('212','15','7','No Apto'),
('213','52','7','Apto'),
('214','46','7','Apto'),
('215','4','7','No Apto'),
('216','13','7','No Apto'),
('217','47','7','No Apto'),
('218','10','7','Apto'),
('219','38','7','No Apto'),
('220','21','7','Apto'),
('221','42','7','No Apto'),
('222','51','8','Apto'),
('223','23','8','No Apto'),
('224','20','8','Apto'),
('225','15','8','No Apto'),
('226','52','8','Apto'),
('227','46','8','Apto'),
('228','4','8','No Apto'),
('229','13','8','Apto'),
('230','47','8','No Apto'),
('231','10','8','No Apto'),
('232','38','8','Apto'),
('233','21','8','No Apto'),
('234','42','8','No Apto'),
('235','51','9','Apto'),
('236','23','9','Apto'),
('237','20','9','Apto'),
('238','15','9','Apto'),
('239','52','9','Apto'),
('240','46','9','Apto'),
('241','4','9','Apto'),
('242','13','9','No Apto'),
('243','47','9','Apto'),
('244','10','9','Apto'),
('245','38','9','No Apto'),
('246','21','9','No Apto'),
('247','42','9','Apto'),
('248','51','10','Apto'),
('249','23','10','Apto'),
('250','20','10','Apto'),
('251','15','10','Apto'),
('252','52','10','No Apto'),
('253','46','10','Apto'),
('254','4','10','Apto'),
('255','13','10','No Apto'),
('256','47','10','Apto'),
('257','10','10','Apto'),
('258','38','10','No Apto'),
('259','21','10','Apto'),
('260','42','10','Apto');

-- Carga tabla PROFESORES_PROMOCION

CREATE TABLE IF NOT EXISTS PROFESOR_PROMOCION(
    id_profesor_promocion VARCHAR(3) NOT NULL,
    id_profesor VARCHAR(3) NOT NULL,
    id_promocion VARCHAR(3) NOT NULL,
PRIMARY KEY (id_profesor_promocion),
FOREIGN KEY (id_profesor) REFERENCES PROFESOR(id_profesor),
FOREIGN KEY (id_promocion) REFERENCES PROMOCION(id_promocion) 
	);

INSERT INTO PROFESOR_PROMOCION (id_profesor_promocion, id_profesor, id_promocion) 
VALUES
	('1', '1', '2'),
	('2', '2', '2'),
	('3', '3', '4'),
	('4', '4', '4'),
	('5', '5', '3'),
	('6', '6', '3'),
	('7', '7', '2'),
	('8', '8', '3'),
	('9', '9', '4'),
	('10', '10','2');

